strike,right,bid,ask,mid,iv,delta,gamma,theta,vega,rho,vanna,charm,vomma,veta,speed,zomma,color,oi,moneyness,is_otm,fit_iv,iv_residual_pts,is_edge,edge_kind
1.0,C,9.7,10.3,10.0,1.9531,0.9979,0.0005,-0.0004,0.0378,0.2623,-0.0062,0.0219,0.1023,0.43,-0.0002,0.0012,0.0045,48,-2.408287561958372,False,1.6483237432122895,,False,
1.0,P,0.0,0.04,,2.164,-0.0035,0.0008,-0.0006,0.0614,-0.0161,-0.0076,0.03,0.1189,0.5767,-0.0002,0.0012,0.0049,0,-2.408287561958372,True,1.6483237432122895,51.567625678771066,False,
2.0,C,8.7,9.3,9.0,0.5,0.9999,0.0,-0.0001,0.0,0.5424,0.0,0.0,0.0,0.0,0.0,0.0,0.0,16,-1.7151403813984265,False,1.3481575686777256,,False,
2.0,P,0.0,0.04,,1.5281,-0.0055,0.0017,-0.0006,0.0907,-0.0221,-0.0179,0.0494,0.2628,0.888,-0.0006,0.004,0.011,150,-1.7151403813984265,True,1.3481575686777256,17.99424313222744,True,rich
3.0,C,7.5,8.35,7.925,0.0,1.0,0.0,0.0,0.0,0.0,0.0,0.0,0.0,0.0,0.0,0.0,0.0,15,-1.3096752732902621,False,1.1427088718842693,,False,
3.0,P,0.0,0.03,,1.0625,-0.0042,0.002,-0.0003,0.0723,-0.0155,-0.0245,0.0468,0.3711,0.8392,-0.001,0.0086,0.0163,51,-1.3096752732902621,True,1.1427088718842693,-8.02088718842693,True,cheap
4.0,C,6.75,7.35,7.05,0.9875,0.9871,0.0058,-0.0013,0.1901,1.038,-0.0574,0.1012,0.7367,1.6449,-0.0028,0.0166,0.0291,79,-1.021993200838481,False,0.9798476931772164,,False,
4.0,P,0.0,0.04,,0.9312,-0.0097,0.0048,-0.0006,0.1498,-0.035,-0.0517,0.0859,0.6946,1.4277,-0.0025,0.0173,0.0286,115,-1.021993200838481,True,0.9798476931772164,-4.86476931772164,True,cheap
5.0,C,5.95,6.15,6.050000000000001,0.7437,0.9874,0.0075,-0.0011,0.1861,1.3127,-0.0806,0.1064,1.0385,1.7102,-0.0046,0.032,0.0419,540,-0.7988496495242714,False,0.8457514845009297,,False,
5.0,P,0.01,0.05,0.030000000000000002,0.7859,-0.016,0.0089,-0.0008,0.2311,-0.0566,-0.0885,0.1234,1.0904,1.9419,-0.005,0.0306,0.0423,1039,-0.7988496495242714,True,0.8457514845009297,-5.98514845009297,True,cheap
6.0,C,5.0,5.2,5.1,0.7109,0.9668,0.018,-0.002,0.4242,1.5111,-0.1521,0.1901,1.6057,2.7813,-0.0097,0.0429,0.0524,210,-0.6165280927303167,False,0.7393783146435298,,False,
6.0,P,0.05,0.06,0.055,0.6812,-0.0286,0.0167,-0.0012,0.3763,-0.0996,-0.1484,0.1778,1.622,2.6301,-0.0096,0.0475,0.0558,3234,-0.6165280927303167,True,0.7393783146435298,-5.817831464352974,True,cheap
7.0,C,4.1,4.25,4.175,0.6499,0.936,0.0335,-0.0029,0.7193,1.6736,-0.2276,0.2566,1.9924,3.5587,-0.0167,0.0412,0.0434,2193,-0.46237741290305845,False,0.6649478903616856,,False,
7.0,P,0.11,0.13,0.12,0.6499,-0.0639,0.0335,-0.0022,0.7193,-0.225,-0.2276,0.2566,1.9924,3.5587,-0.0167,0.0412,0.0434,6107,-0.46237741290305845,True,0.6649478903616856,-1.5047890361685523,False,
8.0,C,3.25,3.4,3.325,0.6312,0.8757,0.0565,-0.0043,1.1784,1.7247,-0.2674,0.2854,1.7734,4.0434,-0.0231,-0.0044,-0.0123,922,-0.32884602027853577,False,0.6236786889028807,,False,
8.0,P,0.25,0.28,0.265,0.6312,-0.1242,0.0565,-0.0035,1.1784,-0.4451,-0.2674,0.2854,1.7734,4.0434,-0.0231,-0.0044,-0.0123,13209,-0.32884602027853577,True,0.6236786889028807,0.7521311097119288,False,
9.0,C,2.55,2.66,2.605,0.6374,0.786,0.0795,-0.0059,1.6745,1.6524,-0.2098,0.2122,0.9559,4.023,-0.0244,-0.0793,-0.0992,1686,-0.2110629846221523,False,0.6091338699704895,,False,
9.0,P,0.5,0.54,0.52,0.6312,-0.2126,0.08,-0.0049,1.6685,-0.7818,-0.2147,0.2152,0.9839,4.0315,-0.0248,-0.0795,-0.0987,10983,-0.2110629846221523,True,0.6091338699704895,2.2066130029510522,False,
10.0,C,1.94,2.02,1.98,0.6335,0.6836,0.0977,-0.007,2.0453,1.5139,-0.0821,0.0558,0.2256,3.8861,-0.0217,-0.1434,-0.171,9438,-0.10570246896432611,False,0.6115617168919871,,False,
10.0,P,0.88,0.92,0.9,0.6328,-0.3163,0.0978,-0.006,2.0452,-1.1979,-0.0825,0.0561,0.2268,3.8867,-0.0217,-0.1437,-0.1711,17643,-0.10570246896432611,True,0.6115617168919871,2.12382831080129,False,
11.0,C,1.47,1.51,1.49,0.6359,0.5757,0.1071,-0.0076,2.2513,1.3235,0.0873,-0.1443,-0.0959,3.9502,-0.0153,-0.1731,-0.2031,22522,-0.010392289160001237,False,0.6231512652786901,,False,
11.0,P,1.39,1.42,1.4049999999999998,0.6351,-0.4243,0.1073,-0.0065,2.2514,-1.6598,0.0873,-0.1442,-0.0957,3.9506,-0.0153,-0.1735,-0.2033,7360,-0.010392289160001237,True,0.6231512652786901,1.1948734721309862,False,
12.0,C,1.11,1.15,1.13,0.6484,0.475,0.1068,-0.0078,2.2883,1.1192,0.2468,-0.3349,0.0887,4.2965,-0.0079,-0.1606,-0.1893,36872,0.07661908782962855,True,0.6391311085172592,0.9268891482740793,False,
12.0,P,2.02,2.06,2.04,0.6523,-0.5239,0.1062,-0.0066,2.2886,-2.1352,0.2451,-0.3344,0.0847,4.2923,-0.0079,-0.1588,-0.1884,13508,0.07661908782962855,False,0.6391311085172592,,False,
13.0,C,0.84,0.88,0.86,0.6609,0.3873,0.1008,-0.0076,2.2007,0.9295,0.3662,-0.4822,0.6026,4.8097,-0.0015,-0.1249,-0.1476,8764,0.156661795503165,True,0.6569000812024404,0.3999918797559676,False,
13.0,P,2.74,2.79,2.765,0.6656,-0.6109,0.1002,-0.0063,2.2035,-2.5943,0.363,-0.4811,0.5879,4.8007,-0.0017,-0.1238,-0.1474,10293,0.156661795503165,False,0.6569000812024404,,False,
14.0,C,0.64,0.68,0.66,0.6749,0.3146,0.0915,-0.0071,2.0405,0.7653,0.4397,-0.5784,1.2202,5.329,0.003,-0.0808,-0.095,10039,0.2307697676568869,True,0.675104047534343,-0.020404753434299927,False,
14.0,P,3.5,3.6,3.55,0.6789,-0.6836,0.0912,-0.0058,2.0453,-3.029,0.4368,-0.5777,1.1998,5.3197,0.0028,-0.0808,-0.0956,3379,0.2307697676568869,False,0.675104047534343,,False,
15.0,C,0.49,0.52,0.505,0.682,0.2522,0.0814,-0.0064,1.835,0.6218,0.4795,-0.6295,1.8394,5.7637,0.0064,-0.0377,-0.0414,21788,0.2997626391438383,True,0.6930570008786475,-1.1057000878647472,False,
15.0,P,4.35,4.5,4.425,0.7085,-0.7352,0.0803,-0.0054,1.8815,-3.4228,0.4618,-0.6294,1.6689,5.7085,0.005,-0.0421,-0.0495,2045,0.2997626391438383,False,0.6930570008786475,,False,
16.0,C,0.39,0.42,0.405,0.7015,0.2076,0.071,-0.0059,1.6455,0.5149,0.4822,-0.6459,2.2575,6.0268,0.0078,-0.0037,0.0008,14956,0.3643011602814095,True,0.7104250055244259,-0.8925005524425877,False,
16.0,P,5.25,5.4,5.325,0.7367,-0.7756,0.0707,-0.0049,1.7207,-3.7911,0.4646,-0.653,2.0231,5.9839,0.0062,-0.0128,-0.0121,993,0.3643011602814095,False,0.7104250055244259,,False,
17.0,C,0.3,0.33,0.315,0.7097,0.1675,0.0614,-0.0052,1.4407,0.4189,0.4716,-0.6356,2.6132,6.1507,0.0089,0.0248,0.038,36689,0.4249257820978444,True,0.7270598006906743,-1.7359800690674332,False,
17.0,P,6.15,6.3,6.225,0.7496,-0.8139,0.0621,-0.0042,1.5396,-4.1527,0.4591,-0.653,2.355,6.1594,0.0072,0.0121,0.0218,1679,0.4249257820978444,False,0.7270598006906743,,False,
18.0,C,0.25,0.28,0.265,0.732,0.1417,0.0533,-0.0048,1.2901,0.3552,0.4463,-0.6177,2.7509,6.1615,0.0087,0.0408,0.06,11841,0.482084195937793,True,0.7429112186774801,-1.0911218677480128,False,
18.0,P,7.1,7.25,7.175,0.7835,-0.8353,0.055,-0.0039,1.4244,-4.4777,0.4383,-0.6489,2.458,6.2384,0.0069,0.0247,0.0401,258,0.482084195937793,False,0.7429112186774801,,False,
19.0,C,0.2,0.23,0.21500000000000002,0.7437,0.1173,0.046,-0.0043,1.1317,0.2954,0.4176,-0.5854,2.8525,6.0634,0.0086,0.0541,0.0786,4749,0.5361514172080688,True,0.7579805306054717,-1.428053060547163,False,
19.0,P,8.05,8.2,8.125,0.8082,-0.8556,0.0489,-0.0035,1.3057,-4.7986,0.4172,-0.6349,2.5443,6.2554,0.0067,0.0347,0.0557,19,0.5361514172080688,False,0.7579805306054717,,False,
20.0,C,0.17,0.2,0.185,0.7636,0.1011,0.0403,-0.0039,1.0167,0.2547,0.388,-0.5569,2.8439,5.9375,0.008,0.0599,0.0882,25160,0.5874447115956192,True,0.7722952447029269,-0.869524470292693,False,
20.0,P,9.0,9.2,9.1,0.8503,-0.8648,0.0444,-0.0034,1.249,-5.0945,0.3954,-0.6315,2.5048,6.2798,0.0059,0.0368,0.0612,461,0.5874447115956192,False,0.7722952447029269,,False,
21.0,C,0.13,0.18,0.155,0.7765,0.0857,0.035,-0.0035,0.9001,0.2166,0.3577,-0.5211,2.8118,5.7382,0.0075,0.0644,0.0956,23347,0.6362348757650512,True,0.7858953461330127,-0.9395346133012739,False,
21.0,P,9.95,10.2,10.075,0.8808,-0.8757,0.0404,-0.0032,1.1778,-5.3935,0.3758,-0.6203,2.4928,6.2646,0.0055,0.0397,0.0675,159,0.6362348757650512,False,0.7858953461330127,,False,
22.0,C,0.11,0.15,0.13,0.7929,0.0745,0.0309,-0.0032,0.8097,0.1885,0.3301,-0.4901,2.7371,5.5417,0.0069,0.0655,0.0987,3922,0.682754891399944,True,0.7988257548034836,-0.5925754803483563,False,
22.0,P,10.95,11.15,11.05,0.9148,-0.8831,0.0373,-0.003,1.128,-5.6841,0.3582,-0.6131,2.4523,6.2556,0.005,0.0403,0.0707,0,0.682754891399944,False,0.7988257548034836,,False,
23.0,C,0.11,0.12,0.11499999999999999,0.8046,0.0641,0.0271,-0.0029,0.7209,0.1624,0.3027,-0.4555,2.6471,5.2981,0.0064,0.0658,0.1003,20393,0.7272066539707779,True,0.8111322203109598,-0.6532220310959791,False,
23.0,P,11.95,12.15,12.05,0.964,-0.8836,0.0353,-0.0032,1.1251,-5.9593,0.3447,-0.6207,2.3643,6.3103,0.0043,0.0375,0.0691,0,0.7272066539707779,False,0.8111322203109598,,False,
24.0,C,0.09,0.12,0.105,0.8234,0.0575,0.0243,-0.0027,0.6626,0.1457,0.2809,-0.432,2.5443,5.1213,0.0058,0.0639,0.0993,59244,0.7697662683895738,True,0.8228591423936298,0.05408576063702375,False,
24.0,P,12.95,13.15,13.05,1.0109,-0.8838,0.0336,-0.0034,1.1236,-6.2338,0.3333,-0.6284,2.2878,6.3641,0.0038,0.0352,0.0677,0,0.7697662683895738,False,0.8228591423936298,,False,
25.0,C,0.08,0.1,0.09,0.8398,0.0516,0.0219,-0.0026,0.6081,0.1307,0.2606,-0.4082,2.4405,4.9328,0.0054,0.0618,0.0978,55220,0.810588262909829,True,0.8340484790095762,0.5751520990423753,False,
25.0,P,13.9,14.15,14.025,1.0296,-0.8922,0.0313,-0.003,1.0647,-6.5252,0.3198,-0.6135,2.2765,6.3105,0.0037,0.0365,0.0712,0,0.810588262909829,False,0.8340484790095762,,False,
26.0,C,0.07,0.1,0.085,0.8539,0.0462,0.0197,-0.0024,0.5564,0.117,0.2414,-0.3842,2.3355,4.7317,0.0049,0.0597,0.0957,457,0.8498089760631103,True,0.8447392696309713,0.9160730369028647,False,
26.0,P,14.9,15.15,15.025,1.073,-0.8917,0.0301,-0.0032,1.0679,-6.7977,0.3113,-0.6217,2.2118,6.3662,0.0032,0.0343,0.0696,0,0.8498089760631103,False,0.8447392696309713,,False,
27.0,C,0.06,0.07,0.065,0.8421,0.036,0.0163,-0.0019,0.4553,0.0921,0.2106,-0.3302,2.1765,4.2441,0.0045,0.0588,0.0928,952,0.8875493040459573,True,0.8549675036952743,-1.286750369527434,False,
27.0,P,15.9,16.15,16.025,1.1152,-0.891,0.0291,-0.0034,1.0729,-7.0696,0.304,-0.6304,2.1532,6.4233,0.0029,0.0323,0.068,0,0.8875493040459573,False,0.8549675036952743,,False,
28.0,C,0.05,0.09,0.07,0.889,0.0394,0.0166,-0.0022,0.4893,0.0995,0.2129,-0.3521,2.1504,4.4497,0.0042,0.0544,0.0906,320,0.9239169482168322,True,0.8647661782857446,2.4233821714255366,False,
28.0,P,16.9,17.15,17.025,1.1562,-0.8902,0.0282,-0.0035,1.0791,-7.3411,0.2976,-0.6394,2.1001,6.481,0.0026,0.0305,0.0665,0,0.9239169482168322,False,0.8647661782857446,,False,
29.0,C,0.05,0.08,0.065,0.8937,0.0343,0.0148,-0.0019,0.4369,0.0869,0.1946,-0.3234,2.0373,4.1826,0.0038,0.0524,0.0876,960,0.9590082680281024,True,0.8741654545360645,1.9534545463935515,False,
29.0,P,17.9,18.15,18.025,1.1945,-0.8896,0.0274,-0.0036,1.083,-7.6131,0.2918,-0.6472,2.0542,6.5324,0.0023,0.029,0.0653,0,0.9590082680281024,False,0.8741654545360645,,False,
30.0,C,0.04,0.07,0.05500000000000001,0.8937,0.0291,0.0129,-0.0017,0.3819,0.0741,0.1755,-0.2915,1.9103,3.8693,0.0035,0.0502,0.0838,3032,0.9929098197037837,True,0.8831928602651652,1.0507139734834858,False,
30.0,P,18.9,19.15,19.025,1.2328,-0.8886,0.0267,-0.0038,1.0899,-7.8842,0.2868,-0.6561,2.0106,6.5882,0.0021,0.0276,0.064,0,0.9929098197037837,False,0.8831928602651652,,False,
31.0,C,0.04,0.08,0.06,0.9406,0.0327,0.0135,-0.002,0.4206,0.0823,0.1816,-0.3171,1.9221,4.1246,0.0033,0.0474,0.0833,915,1.0256996425267746,True,0.8918735086666831,4.872649133331686,True,rich
31.0,P,19.9,20.15,20.025,1.2697,-0.8876,0.0261,-0.0039,1.0968,-8.1553,0.2824,-0.6649,1.971,6.6423,0.0019,0.0264,0.0629,0,1.0256996425267746,False,0.8918735086666831,,False,
32.0,C,0.04,0.08,0.06,0.964,0.0323,0.013,-0.002,0.4159,0.0809,0.1766,-0.3159,1.8753,4.1141,0.0031,0.0453,0.0815,133,1.0574483408413549,True,0.9002303160749181,6.376968392508187,True,rich
32.0,P,20.9,21.15,21.025,1.3052,-0.8867,0.0255,-0.0041,1.1034,-8.4263,0.2783,-0.6734,1.935,6.6945,0.0017,0.0252,0.0618,0,1.0574483408413549,False,0.9002303160749181,,False,
33.0,C,0.03,0.07,0.05,0.9593,0.0274,0.0114,-0.0017,0.3626,0.0689,0.1593,-0.2835,1.7588,3.7919,0.0029,0.0435,0.0778,545,1.0882199995081085,True,0.9082842096566454,5.101579034335469,True,rich
33.0,P,21.9,22.15,22.025,1.3394,-0.8858,0.025,-0.0042,1.1096,-8.6975,0.2747,-0.6816,1.9021,6.7446,0.0016,0.0242,0.0609,0,1.0882199995081085,False,0.9082842096566454,,False,
34.0,C,0.03,0.06,0.045,0.95,0.0225,0.0098,-0.0014,0.3076,0.057,0.1409,-0.2482,1.6235,3.4215,0.0027,0.0414,0.0732,8563,1.1180729626577897,True,0.9160543205105819,3.394567948941807,False,
34.0,P,22.9,23.15,23.025,1.3736,-0.8846,0.0246,-0.0044,1.1178,-8.968,0.2715,-0.6905,1.8705,6.7973,0.0014,0.0232,0.0598,0,1.1180729626577897,False,0.9160543205105819,,False,
