contractSymbol,lastTradeDate,strike,lastPrice,bid,ask,change,percentChange,volume,openInterest,impliedVolatility,inTheMoney,contractSize,currency
GME260807P00014000,2026-06-30 15:47:49+00:00,14.0,0.05,0.0,2.14,0.0,0.0,,1,1.97265638671875,False,REGULAR,USD
GME260807P00017000,2026-07-01 16:12:37+00:00,17.0,0.07,0.0,2.18,0.0,0.0,,5,1.3662141064453124,False,REGULAR,USD
GME260807P00018000,2026-06-30 15:50:39+00:00,18.0,0.1,0.0,2.21,0.0,0.0,,1,1.18359783203125,False,REGULAR,USD
GME260807P00018500,2026-07-06 19:47:30+00:00,18.5,0.03,0.0,0.2,0.0,0.0,2.0,129,0.5312546875,False,REGULAR,USD
GME260807P00019000,2026-06-29 19:34:17+00:00,19.0,0.15,0.0,0.23,0.0,0.0,,17,0.49023947265625006,False,REGULAR,USD
GME260807P00019500,2026-07-10 16:57:54+00:00,19.5,0.13,0.03,0.2,-0.010000005,-7.1428614,13.0,235,0.40332627929687503,False,REGULAR,USD
GME260807P00020000,2026-07-10 19:25:47+00:00,20.0,0.17,0.1,0.28,-0.030000001,-15.000001,20.0,346,0.387701435546875,False,REGULAR,USD
GME260807P00020500,2026-07-10 17:26:41+00:00,20.5,0.23,0.12,0.33,-0.059999987,-20.689651,2.0,75,0.34180345703125,False,REGULAR,USD
GME260807P00021000,2026-07-10 17:31:10+00:00,21.0,0.41,0.35,0.43,0.00999999,2.4999976,13.0,435,0.31055376953124997,False,REGULAR,USD
GME260807P00021500,2026-07-10 18:15:32+00:00,21.5,0.56,0.27,0.62,-0.100000024,-15.151519,32.0,133,0.301764794921875,False,REGULAR,USD
GME260807P00022000,2026-07-10 18:38:11+00:00,22.0,0.79,0.72,0.92,0.0,0.0,27.0,161,0.31641308593749995,True,REGULAR,USD
GME260807P00022500,2026-07-09 17:40:03+00:00,22.5,1.21,0.97,1.27,0.0,0.0,13.0,68,0.331061376953125,True,REGULAR,USD
GME260807P00023000,2026-07-09 17:47:49+00:00,23.0,1.55,1.26,1.77,0.0,0.0,1.0,205,0.40039662109375,True,REGULAR,USD
GME260807P00023500,2026-07-10 19:26:46+00:00,23.5,1.98,1.93,2.23,-0.109999895,-5.263153,4.0,36,0.44336494140625,True,REGULAR,USD
GME260807P00024000,2026-07-09 13:54:21+00:00,24.0,2.52,2.4,2.67,0.0,0.0,1.0,75,0.4687553125,True,REGULAR,USD
GME260807P00024500,2026-07-07 18:53:38+00:00,24.5,2.64,2.52,4.1,0.0,0.0,,9,0.5986368261718751,True,REGULAR,USD
GME260807P00025000,2026-07-09 18:36:24+00:00,25.0,3.38,3.1,3.6,0.0,0.0,3.0,121,0.526371923828125,True,REGULAR,USD
GME260807P00025500,2026-07-09 17:04:21+00:00,25.5,4.03,3.45,5.0,0.0,0.0,1.0,2,0.6513706738281251,True,REGULAR,USD
GME260807P00026000,2026-07-02 15:01:42+00:00,26.0,3.47,3.65,4.7,0.0,0.0,4.0,27,0.6816438085937502,True,REGULAR,USD
GME260807P00026500,2026-07-02 15:09:57+00:00,26.5,4.0,4.2,5.8,0.0,0.0,2.0,1,0.57812921875,True,REGULAR,USD
GME260807P00030000,2026-07-09 15:21:06+00:00,30.0,8.43,7.85,8.8,0.0,0.0,10.0,11,1.0634812451171878,True,REGULAR,USD
GME260807P00035000,2026-07-06 17:51:08+00:00,35.0,12.57,12.8,14.65,0.0,0.0,1.0,1,1.3125034374999998,True,REGULAR,USD
