Contract Name,Last Trade Date (EDT),Strike,Last Price,Bid,Ask,Change,% Change,Volume,Open Interest,Implied Volatility
GME260807P00014000,2026-06-30 15:47:49+00:00,14.0,0.05,0.0,0.0,0.0,0.0,nan,0,50.00%
GME260807P00017000,2026-07-01 16:12:37+00:00,17.0,0.07,0.0,0.0,0.0,0.0,nan,0,25.00%
GME260807P00018000,2026-06-30 15:50:39+00:00,18.0,0.1,0.0,0.0,0.0,0.0,nan,0,25.00%
GME260807P00018500,2026-07-06 19:47:30+00:00,18.5,0.03,0.0,0.0,0.0,0.0,2.0,0,12.50%
GME260807P00019000,2026-06-29 19:34:17+00:00,19.0,0.15,0.0,0.0,0.0,0.0,nan,0,12.50%
GME260807P00019500,2026-07-07 13:30:13+00:00,19.5,0.2,0.0,0.0,0.0,0.0,49.0,0,12.50%
GME260807P00020000,2026-07-07 19:56:07+00:00,20.0,0.21,0.0,0.0,0.0,0.0,88.0,0,12.50%
GME260807P00020500,2026-07-06 16:31:11+00:00,20.5,0.26,0.0,0.0,0.0,0.0,6.0,0,6.25%
GME260807P00021000,2026-07-07 18:25:02+00:00,21.0,0.43,0.0,0.0,0.0,0.0,63.0,0,6.25%
GME260807P00021500,2026-07-07 18:25:02+00:00,21.5,0.59,0.0,0.0,0.0,0.0,22.0,0,3.13%
GME260807P00022000,2026-07-07 19:53:39+00:00,22.0,0.83,0.0,0.0,0.0,0.0,39.0,0,1.56%
GME260807P00022500,2026-07-07 19:00:21+00:00,22.5,1.1,0.0,0.0,0.0,0.0,17.0,0,0.00%
GME260807P00023000,2026-07-06 17:50:27+00:00,23.0,1.12,0.0,0.0,0.0,0.0,128.0,0,0.00%
GME260807P00023500,2026-07-06 13:30:03+00:00,23.5,1.51,0.0,0.0,0.0,0.0,1.0,0,0.00%
GME260807P00024000,2026-07-06 18:43:49+00:00,24.0,1.79,0.0,0.0,0.0,0.0,1.0,0,0.00%
GME260807P00024500,2026-07-07 18:53:38+00:00,24.5,2.64,0.0,0.0,0.0,0.0,9.0,0,0.00%
GME260807P00025000,2026-07-06 18:51:38+00:00,25.0,2.55,0.0,0.0,0.0,0.0,2.0,0,0.00%
GME260807P00025500,2026-07-02 14:54:05+00:00,25.5,3.02,0.0,0.0,0.0,0.0,2.0,0,0.00%
GME260807P00026000,2026-07-02 15:01:42+00:00,26.0,3.47,0.0,0.0,0.0,0.0,4.0,0,0.00%
GME260807P00026500,2026-07-02 15:09:57+00:00,26.5,4.0,0.0,0.0,0.0,0.0,2.0,0,0.00%
GME260807P00030000,2026-07-02 15:02:50+00:00,30.0,7.32,0.0,0.0,0.0,0.0,2.0,0,0.00%
GME260807P00035000,2026-07-06 17:51:08+00:00,35.0,12.57,0.0,0.0,0.0,0.0,1.0,0,0.00%
