symbol,rank,cns,war_score,thesis_ratio,pump_ratio,volume,bullish_pct,bearish_pct,confidence
CRWV,1,60,0.533,0.067,0.0,60,46.7,26.7,0.6
DJT,2,60,0.467,0.0,0.0,60,40.0,23.3,0.6
STX,3,60,0.467,0.067,0.0,60,26.7,23.3,0.6
INTC,4,60,0.4,0.067,0.0,60,20.0,26.7,0.6
AMD,5,60,0.4,0.133,0.0,60,20.0,20.0,0.6
SNDK,6,60,0.333,0.067,0.0,60,30.0,16.7,0.6
MU,7,60,0.333,0.0,0.0,60,26.7,16.7,0.6
CRMD,8,55,0.267,0.233,0.0,60,13.3,20.0,0.575
UPS,9,55,0.067,0.2,0.0,60,16.7,3.3,0.575
KO,10,55,0.0,0.3,0.0,60,33.3,0.0,0.575
